<?xml version="1.0" encoding="UTF-8"?>
<project-private xmlns="http://www.netbeans.org/ns/project-private/1">
    <editor-bookmarks xmlns="http://www.netbeans.org/ns/editor-bookmarks/2" lastBookmarkId="0"/>
    <open-files xmlns="http://www.netbeans.org/ns/projectui-open-files/2">
        <group>
            <file>file:/D:/coder/NetBeansProjects/MonashFriendFinder/src/java/edu/monash/friendfinder/pojo/Profile.java</file>
            <file>file:/D:/coder/NetBeansProjects/MonashFriendFinder/src/java/edu/monash/friendfinder/service/FriendshipFacadeREST.java</file>
            <file>file:/D:/coder/NetBeansProjects/MonashFriendFinder/src/java/edu/monash/friendfinder/service/LocationFacadeREST.java</file>
            <file>file:/D:/coder/NetBeansProjects/MonashFriendFinder/src/java/edu/monash/friendfinder/service/ProfileFacadeREST.java</file>
            <file>file:/D:/coder/NetBeansProjects/MonashFriendFinder/src/java/edu/monash/friendfinder/pojo/Friendship.java</file>
        </group>
    </open-files>
</project-private>
